9241.612616218246,42.59880353327662,-249.75523674080165,245.09203269154773,-137.1783792156172,-354.53841909995674,-362.04395970728285,-405.9066805189088,128.91029134871212,30.94011126832379,126.86060419558282,66.15348162473947,117.56130432673751,-172.92422672922828,-408.61375558133506,50.434556090167234,-243.51770326871434,-483.8222148271405,8.205194862174267,-423.85815962654647,114.48467969861781,-487.4620011058645,-16.45728244778593,-18.93828142099926,-237.4470393998351,-317.98202766968035,123.11845956569289,81.15095630516396,89.54229504296143,132.2594989758096,67.4191538691424,118.5126169417664,-30.875085131871117,-299.3236991456272,-319.45976004476506,-24.65435411666067,-237.02770311795962,39.0501130829723,-180.71242523947677,121.53605694986095,-79.12559741854477,-96.68868523381752,-125.52402880957743,10.314472412899534,214.13252103768684,-327.80326326976603,-466.99402375767045,47.99090767953135,205.11467654109367,-408.2407226243406,-379.8174793808167
225.70528819937533,8866.16360082518,-205.15662598125851,-130.16483663565123,75.1194314338577,-34.11930073177689,-144.29466739856758,15.144335814909482,7.438144743453336,-133.3157344981086,-115.53705272441658,167.47001853365373,-166.7417868476296,67.4447619367844,-497.2750092842642,84.50830206423063,88.09738341381706,-108.41794911906788,-357.84640268915086,-190.28488954784876,-156.55713118846325,14.347642556479627,31.644129644228656,132.80517965599665,-382.46591498228184,-57.62443453039231,-453.61823187080347,-110.377718998001,99.34935877336557,-290.7412996110934,-109.71223655798514,76.13926216134928,2.708181132431605,118.46648014922914,-375.54710425830456,-94.38369571092755,-481.0646209399934,-179.87799830656166,-441.87860951412335,-213.42836618312452,-60.51053785755914,-364.22646915369774,-155.33158519535283,-235.54365731630105,-96.39767710888509,-87.33878364440949,-195.71911201226249,-365.67650928222076,-237.72568503162466,135.8491978844395,-14.701264439052181
-7.857644000111293,-463.4555714797709,9885.825343021512,-99.4048691971679,81.91850447288812,-126.00950262678424,-157.2395276438262,166.88422882643545,-49.713004118958395,225.4943521292456,-409.5989525041494,-477.3831988791371,7.780532165427928,-469.8476832366402,-405.39389506417615,201.23584030881625,-17.76221973751393,234.05259098235933,224.14492059258566,-203.5306442318036,59.6117870386671,-296.5519575628261,73.447536855149,-56.014735668102674,-241.09126987626962,-112.58537748508314,-264.9907292855078,153.02229103510842,-245.5836922302193,-309.1622829370566,56.97397505829679,-5.406880262621996,-409.1017539900704,-25.194057718876593,234.22470674896226,104.76221214018778,-402.4505790950138,10.711851024084012,-314.34108744685966,79.19427254874358,89.63804755997842,-24.399420753932702,-486.59470445358903,-53.66872240945531,-493.94529392890917,-63.4597603664626,-297.42167668259157,-275.9398173309604,63.40239287726729,-416.9991026621821,-163.84466604800826
-483.69154673942603,-262.15197671911073,118.59627231767388,10559.995932324162,36.216658307251464,-408.3814563625027,-121.18351610937714,-430.9529412132236,-233.2644724076681,230.04691262620247,50.69056512943962,50.42176597918922,-195.4506585865244,-186.5911207155968,-226.4516663032647,-236.20405942469057,-361.7889747010421,-366.1077340925314,-44.35104348317293,-76.00316924944968,-362.08389956825636,-330.8698182462873,44.049056718474844,-244.26869641614496,206.7613139888075,194.27338766144442,-148.06114577697582,-265.0461701860236,-223.78125749391683,-253.1792167763428,-118.04814789919311,-372.43318321135405,-102.78823507799507,-5.782194871419222,116.9429757194348,-227.49661777762753,-237.2312931891389,141.38978035258197,104.9394291768059,-387.41663551005456,-104.49231165436777,-286.4561750922321,-44.7655271673803,-493.8622282625627,-24.950980964332814,-51.99679960542812,-354.9235965771956,-136.27917230026446,-327.4581773845302,-418.9706409018658,-419.3093820343531
-66.35755120457526,-194.4546544311949,163.40720376086767,-166.8119960129912,10630.843973022143,-82.40737475094772,-394.10572124379246,-421.47917909007623,-396.310027024357,203.0992696793304,160.3835914183644,-141.07670124192612,159.9238622563281,232.82722056779767,-228.05202694710886,-361.8457993596601,-186.44793972297668,156.0918283108208,-479.0623034757093,162.760070293755,-4.99565232785568,-12.178173036074327,-437.6126192567763,126.5339105451169,-99.41135885912234,-260.5713764508396,30.849227671931544,-483.4074956675052,-56.809441637522184,-456.9164234455137,-212.94404234229654,-338.1463165528725,-147.6323477497035,-80.58384239070432,-374.85695916543204,-442.5205228600235,-48.916357915517665,82.7697027588207,-416.4708940396708,-475.73880783982554,153.40661400528938,111.61866091340153,-62.50909588439134,-47.085485012114816,-80.66783106791269,155.48820520490108,2.6327569373898427,-400.90860337736297,-225.30662775787562,-219.787485198831,242.9499146985837
-262.1540498203135,-60.158964952031965,-308.338624895753,-31.50496724284875,-474.7660883846815,11117.172177019267,-452.8072725459424,-243.65812244310968,86.76886218270852,89.0521401838837,-339.3607278839587,-64.89720795151993,-456.4154105474729,-320.98060567374336,-432.52487199203745,-9.8489182625745,-192.46121207582223,-131.89825556058406,-86.42989973326672,204.66549507775744,-66.04610749886507,136.37631342223347,-85.39561835963843,-373.1145445830629,-370.9277083678028,-279.4852498793881,182.40240015273855,-171.27703118635162,163.30703078464035,141.02878423547952,-338.57836329440994,-394.888153857118,-290.72915514140607,20.60164993909177,-480.8701544415013,163.84186474121964,-205.26898160218843,-33.37605399575608,-384.9711603407912,-216.49438591165443,-385.01131587182977,-44.08809248226311,11.329501364024225,-402.94200738911843,-22.44801648462027,-313.2459694085684,4.177808346007907,-397.5458108006915,236.26716836625258,116.17859728487792,-329.89290309806734
156.51626159377838,-191.0215749190766,-271.1841657770117,-59.60761077414145,-345.951775975459,-297.75900710472985,11868.563921639821,227.39102084509102,2.5439761774008502,-453.33999972819566,-455.3236685625757,-286.84804645389204,-426.16962485379327,-291.17421219480013,-406.55544290007833,-284.21681729687225,-260.8700631513477,-213.2366812466301,153.08026729160792,121.89702457876388,-214.028213610668,-148.16578208373863,-209.34788308330366,-178.1100658146745,-431.20733740621233,-192.71375644872654,-164.5528710458173,205.06414689021756,-287.95820194559525,52.73514708795062,-428.9209605866188,-77.69003665810396,-452.43344624069334,-106.81115951877433,123.65398691223163,163.97781183731377,239.25343193847743,-193.40403327087017,220.91741781149835,131.64710507059272,-208.5497558697444,-414.8033713601155,-173.72827810288243,224.82232896015307,195.17177849282007,-192.42477231561753,195.12335576967826,-248.16190350721843,-422.6069413138358,-383.20721526454327,-14.338403606201666
-64.37155731166575,-442.0289837020194,-240.03746792874534,147.89482705894272,-153.94405031152752,-75.25768487725003,141.8129293785638,12054.044189320568,-354.96117776012505,-300.56224214996183,-197.66244040697717,241.28333007097194,-173.6384528968327,186.24482636188964,-117.38674380391501,-237.79918635177995,-322.46119290991675,-317.95288838931344,202.91535575270075,-161.23511817802637,-481.27643574666354,-4.927425536541023,-6.643827060824037,-461.40993524642323,-338.7652092474043,-215.54140182105976,-427.2648715103448,245.21117865619124,-0.9037016171388359,185.14568801791722,-419.81445009716333,-484.2311851088802,-237.55244051534373,-165.95349457951625,-6.256445777662407,-30.023091425517862,-424.8354640678929,-488.7448081531854,-444.20995530406634,-161.0537982033341,127.16574546555046,-18.372532827048644,-225.95020925887013,-301.49668643354744,-449.81472860355797,-83.54532546976361,106.16528586695904,-447.21230658458154,-189.2779173379946,-329.08778759945164,222.93437392368935
218.418254141302,-12.737781820336863,-148.25796466451027,-403.1680116168725,90.26342792532955,204.7735794541859,-339.194139525908,29.594671571693425,8502.06563348222,14.022853404649254,-5.215921325043553,-351.4024972607292,-12.440725182629762,71.97342419437666,-44.073433327623434,96.013810954821,-207.81436579515128,-150.46411810059777,143.1406747050994,-163.3671362495586,-323.72377491299767,-347.0149465867384,-178.8996903793053,-203.06721372432833,-331.14070602368236,-61.842684448340776,-207.6883383710786,-372.1910525632194,-315.24945549885456,240.54261545791928,-9.352385672221544,85.36146932817496,-41.30054746263022,-100.163665727732,-346.800752412184,-108.99674665804952,126.82710373307293,206.6520862714433,-278.6484358836599,202.6271512720033,-1.8921716610550448,-249.09586164728256,-44.67756918060144,230.68887425040316,-36.66884428527817,-144.50365282036302,-488.2182997145013,-130.02094552637203,204.08082738051826,-81.81834318090631,151.3604517131689
-365.1800346104733,147.1566022638217,-484.149626501312,149.13873742062378,231.5951426145789,-395.5094358633224,-305.34772482123344,-346.75386587438993,-407.63492174850876,12030.174105127044,-289.31580918750234,-171.93318969087164,218.05306675024156,-446.59996100059175,-3.489856198318364,-64.28889376247088,-100.59840981789694,146.91419668255287,237.35835597267032,-370.08527274288906,67.65000497009817,-251.6667911767057,-394.85209908866324,-350.29539392536213,-440.194474373464,89.38340010224522,-251.47580493324787,101.5952827212418,240.88563038663494,-318.6552898058139,-428.4933194263738,-246.14369231776112,238.40548115720208,155.3899441098074,127.00457403641633,-398.5050713477392,144.94132841378848,-255.36025064900707,-208.89388231980558,-57.7668692531397,-300.58957198493783,-428.78600833079827,100.6564366971163,-211.97802389180606,-85.24558120030633,-447.93450311937727,111.33851200185143,196.241702886339,-116.67474281581508,-211.84679056988085,-420.8232608444009
-353.23796134565305,229.88012979091104,-41.666893076956285,-311.6456724594064,-69.74312432160127,-275.1381324303969,-53.70763780936625,-115.63949931686062,-246.3019690461531,-394.92900580799113,11239.844369651122,-373.99150416604056,148.84185019563927,-416.2437943636797,-16.539640397540836,-337.84640564655433,-92.95096243498847,182.55628643687317,167.17749170176194,-49.09312722147797,-127.6811878046916,-297.0033221276466,-65.95628859141954,-152.44341455358568,-168.29444449933322,-274.1017784513697,-477.6986248131032,-416.0053916212796,-461.76688447653595,-321.66819787073507,-283.41979600874095,35.60017817918549,228.83465616971137,-401.51553132801473,-450.5550333769681,-426.81490444927965,101.23951950584751,176.0316081083339,-412.5857668423961,-65.18327683665382,-372.84199148975665,-137.01429924205326,-67.3271847373507,-17.679174793120467,-106.50451797058878,-48.729054311232744,185.69081419183533,-171.18368268560835,-455.75226825655096,207.97716831049752,39.637869909550204
-490.18193001924107,-186.61810273091373,-61.373209795177615,-330.8202395435382,-332.5034226014508,160.13851427895554,-335.5856645731183,53.75692691583026,-112.521079031243,-279.3113599774458,-401.68858768164733,11728.918595113231,209.08000099981973,98.0839473604658,-405.1761255927719,-303.98206283964174,71.61954675314257,-170.55808535275878,-485.9586005265843,-316.79256196805915,-11.116108106105287,-157.7470073199974,-28.67562884819148,9.683241539015398,-413.2027214767812,190.69361138642364,-356.1034993253235,-384.9755689330267,-474.6627592337376,35.593486354878564,-347.93824569830224,-80.44214383058414,61.89347428923293,-315.4471830589807,79.95598596823595,-225.28539591384208,-496.8357080694219,-322.66806383935045,-336.29804149789175,191.4815208254356,-161.26449230470382,-311.8762157006612,-77.46825384211098,-435.7596805853066,-416.64670250505674,71.59830079136646,-176.1690836778132,89.12979932000462,-43.55401026575146,-148.5821352603669,15.26639888069883
67.91330079230875,-332.377602114653,97.96400926558601,-86.97454099776257,-353.5308404308928,-42.783594539358944,237.52684082114558,-353.1471696313179,181.90666944215718,-159.3585271344034,-256.1608131094667,-479.4221087024742,10431.775709021034,-326.4298619499622,-101.486171609878,-130.75334784067815,172.0055233800067,-278.1882304466108,93.05683284789677,144.0440018667315,-297.77879669117084,-238.24660069000447,-314.35789698930955,223.27275938691935,-386.6438274932128,-308.4872646089714,-300.1075131136869,-353.48035183908223,17.99094674322714,-320.3073123759672,-145.40832952131052,-234.90920042166948,139.75175988031992,-22.04107728119868,210.89249573907864,176.15490499407508,117.04938147475605,-84.26864753899883,-279.34562840557044,-370.0345539968748,62.78541582436526,176.33857023987173,22.694530336900584,52.308299200579086,248.11944575770463,43.28000454851292,73.07657965927058,-318.5845917399035,-413.2886600863656,-286.87064596104204,-357.56108748971656
47.48732059736653,-494.5742683072775,-349.48421467721084,-261.49703180029326,-217.36505620661768,-354.48505373627006,172.22596343953944,-473.0076561787038,208.8179394389366,114.23525371190624,-486.52287473821207,124.29058043485793,-457.0599739012622,11467.602691134058,-323.31581645702875,18.56063525846787,-439.64748243238046,86.58114831502667,-135.95909253213983,-474.99971410188465,219.62018400580098,-212.80620980665032,-273.7995492425662,-283.77141326028107,-302.30005418697647,-1.3358408742319625,-276.4392965644622,-64.25194107163645,15.86124692628448,-156.96579491143876,-105.23941521218421,237.30821452312466,38.99838704441606,-171.51319675724494,-209.35716816633163,19.757792435420924,-433.22212815482203,-346.0107350969786,-237.17231963969425,43.61007361389932,-477.709642636367,-313.2298567559528,-389.0022779003953,-81.37636396091762,46.760344974640475,-110.54435907516671,-206.12316345551773,-18.523754318898398,123.31705548299385,-316.324758368309,-217.09407492907894
-393.1520840941332,124.17377454914879,106.88033986403138,145.41475514821514,-199.31306527053096,-267.2396370558946,189.230361482852,-411.86753103713784,-477.6353625608627,106.8791600251426,-253.62801686825702,-142.3814317074059,-338.2395625078156,-178.30217522392394,10140.06325534522,193.17619677710763,96.73559140310351,202.19004576054067,187.44220343308712,-59.35098982486187,-235.77885572350624,104.14672615240283,-405.7112143217049,-329.1771017146214,158.64573222375623,-92.07332317427876,24.37044132323183,-100.79276415288001,-334.4787993844815,-145.45492168138333,-301.57730251919475,-278.3377728913592,220.0097414713315,-381.04834329483054,175.24045217115724,-275.21513541236425,-101.1421988657658,-176.34411202540747,-272.0289713074751,15.826159217472991,49.346158126092405,-85.0075341048809,-38.954852122394755,-466.1981862855938,91.98577318891739,-196.81899472492887,-364.0251688743531,-164.47243932165077,56.54390130059596,-331.96129079349805,-403.10498420461573
154.75063158235957,148.30680230324617,-305.40859044456215,65.10674831528979,45.99426329976893,209.637111735865,-95.2891791406264,-362.69754670751314,-200.9529723724823,188.30202639992092,-496.9612878027317,-168.65288616303434,-367.8322523537381,1.303007575453762,-62.40113654130198,10326.560337077619,-306.9852027112918,-154.30332944784703,-88.98470022530961,-117.97466055326305,102.67894980443589,-186.08056486911926,-296.0292646670818,-279.5046738587315,-392.0003572051553,-300.9985898992959,-373.400047816227,-171.08654727135593,-178.58644776741693,-459.62650819934953,-14.984499147229712,-204.13716890386928,-360.97828848193126,-457.50053872666507,-286.13558920889534,140.989490479815,58.851386891773814,76.15787268149052,115.00620631199831,161.972081861295,-48.23921636787469,-338.5029011380004,-289.2708526800063,-406.22867299999797,-12.549023200461818,-11.214767048803367,-13.839652695774532,150.5952628875907,-412.2819875076418,-388.4834991266147,-18.5344684266787
112.41907097319233,-160.30905584071343,-190.50327527365522,185.21114664881486,-362.94738351704564,-298.3473813541599,-314.38008900902105,-172.37145585478845,119.34809435485101,61.90207744348936,-80.48174050919556,-320.7629258292584,-29.32478648751146,166.49341762275958,114.73683751013425,5.255769905359614,8581.114734733032,143.67630948413887,-11.944188195702793,-488.97157824038516,-83.24032059246986,175.59171010265823,54.53626784372557,217.98141087077556,224.27112352877828,-114.98322207679416,-380.78599746630346,106.5726795356959,122.322457393023,231.37724413853027,-449.37885870852165,-210.51533202809952,204.93978217591348,-41.86431534159527,2.619548173435305,32.49837342760452,37.446541354590636,-419.99180463108314,168.26213718353858,-65.24568325404397,23.446653618667597,-310.72334592505734,-126.57731235952417,-190.51611203588652,-136.58679463451085,-55.94591542709219,-389.65556496597713,-17.187068216529156,129.90601060762617,-313.81078015483536,-42.7791855286319
-21.207976465408308,12.048536547782533,-178.03735652232268,210.61090163733934,225.0270591432718,-94.22527463831204,-373.0843901075958,193.50945197885153,-83.30430891319577,-398.11461470617866,-155.6697178313737,-313.73039641455705,-401.696854859842,249.03805507927677,-479.54001115113647,-482.37615562257423,216.79371233115455,9733.281356886324,36.85520591935028,-7.396927981029819,-92.89544772887672,100.10787782804539,-216.81354136688134,-166.90804166449027,-32.31108607178123,202.62641791225212,142.31235053181,94.47832318532323,164.9163333207191,-188.11466384677811,151.45871921341086,-203.7643957963067,-358.10083925357924,-39.04638849421855,205.73677170183407,79.96014941539227,-143.13151274391902,-366.33078606962084,-471.9053371343223,-263.29912025626373,33.97054266150326,-147.54612883058314,-149.3525806349429,-318.5883300847006,-2.005218997485713,-219.8337921744038,152.56767747867877,-296.06882517621455,92.83781977190779,-401.54377758609024,-352.95822542993926
-368.9412554924931,-230.5781458465965,225.95024815886006,-365.7461328193642,-397.00981692794505,212.1652231183175,228.75801855616135,-373.22932944404727,-474.05263436796804,-148.6322925885534,-342.64805149521425,54.71191135176775,-311.781573099043,152.76429781686682,-403.87455404447485,245.37268282021034,70.34306970700175,-350.1501527190543,11488.157766860595,236.49479369991957,-448.6675985943737,-215.6853706478471,-121.94024890813694,-18.501498511308057,-231.97923258758146,-122.00335537797486,-324.3270344162788,-230.9267315387566,-372.995471355946,-207.49685587986232,120.51279687254328,-46.57714092060536,-394.5226887808991,-280.93368417086435,-137.60483023681797,74.62211234840186,-247.4025403297598,-49.830777866620906,-427.2566164129582,-159.90420869530584,-82.5866544957201,241.98994172272057,-430.6601168862684,-333.78555649455996,-52.928734026612005,-278.98018588027367,57.46328536285728,-90.78743069733798,-139.861647089984,-18.812265952819928,78.01468434337426
10.699220867421445,225.01842777835247,-98.8523755192482,-52.33833601641675,-157.7138283285463,-113.62346352856832,-101.06856761728017,-175.83683920617847,31.100678893308213,-60.94454255020554,11.023429560446345,6.323871418166959,-127.72858367820089,-364.6276356780162,-157.8439326803586,38.97117723257304,-208.6991693538517,-54.91314351212014,-319.5181641074736,9913.059501126994,-446.2460813035724,-283.9749063310895,238.5713436296087,-244.42371334037367,204.61059050927304,-426.8173276333964,-352.23928608634117,63.96300387658255,-410.1931902875712,-329.5100066343626,-153.84666382406084,-452.8820259320139,-306.7900317523296,-74.80793024991686,108.70966735413367,-142.5980612527885,-416.7424534433771,231.6117137562627,-222.75786918134645,130.58270368268097,-43.29315685401082,-201.73343768222037,-308.8639145660966,-327.9989756818493,244.74787133102654,148.4293780625585,-295.968230015063,-482.13981782846054,-46.99957302175659,-236.97117565839153,-0.1052537915768994
202.01435295107115,-59.441070079577,199.50582695350977,78.33547811395522,-400.27482647132763,-300.240226011926,-314.34933598868304,185.58306216360893,113.92200144351466,210.59092205243962,41.338257705622254,234.94787598094524,-149.7380318236992,139.44806257398568,-176.95264078616435,-149.37215452984339,-196.05962852447846,-41.61900786403328,-417.09897398496145,-228.32719129757885,9015.415695416186,-213.28675753753242,-251.63864716781353,-92.86652383249242,50.15866193257693,38.520851635408235,-398.46067311751426,54.27354462578785,136.7465394004281,169.12311919645697,-290.71678230593386,-9.732151551143716,32.12573617817236,-230.0525469139978,187.4793086770137,-123.60844308540021,-241.02000374139186,-47.532017475168004,-103.40423942480385,-362.1447453618332,-469.60686457176473,200.22513336532165,167.58206245324334,-122.30716095978363,-290.27688098130045,-111.39595190526967,-195.3966751679476,9.981018814550794,-134.5009362403635,-345.7105456893197,-145.36110171617884
160.74149153323924,-274.9546108636914,-143.52138590602112,-103.9321348471862,96.2098697313495,-76.98675354871898,247.95055754118516,-392.11472949356244,187.6573613121268,226.41344381478223,-487.0148120954077,-398.2330974018752,228.12105804449936,210.91354528063414,-10.533118262025653,-348.8897530065632,-10.07459729992604,-299.95876661948535,191.60816587766476,62.95167336741167,-368.24311410788636,11022.275800256228,204.09906680523306,-231.07942600564473,77.9418915762534,-305.10839199464306,167.81034067800226,-235.1866141917401,-261.0483851062795,212.9509859993408,-375.4037945841186,94.17370417948064,-362.7863244774826,214.58987155555758,150.55050723489592,-436.8226051485101,153.23275509564883,240.8570996226308,-117.8925903312965,-339.05523827309503,50.57780213425713,-267.53834198772876,-21.41868167944591,-295.94606235026856,-290.67006823459934,-351.2942843275456,78.32180728070239,-80.45176568577835,92.15679237660186,-411.5005127138004,-387.3396140405895
208.8069621671383,103.45529420284447,-194.19253932929092,-312.95312641662383,179.1504589941502,-247.9740881164192,219.0522106282374,-404.74554427132307,-436.1895090676232,224.86050003632772,-164.13693719902795,-351.7520991948495,-73.53014341237667,-162.4755056653196,-433.05400754567887,-205.84805255435396,-252.52913147673283,87.31244496649072,45.41849390895072,-85.73451496323605,-476.82552595784085,23.775725891353545,9765.105025541443,7.215695837543365,-437.707942638746,-416.61588987122315,-309.38680513472303,-268.0011110456589,-21.3542633083174,-120.81721720924384,-46.06342444905084,-158.1833095257628,-256.4513353578989,-27.95058493600527,-236.85673114563127,218.93543791483773,27.411411937060166,70.60412033099772,125.11589949541042,148.65312951218937,-87.72557485528608,-458.94277086470595,17.749145385173733,-108.93277709072288,-464.2562675373662,-102.19597956315641,197.89915559102997,-54.59155204347991,239.94223344308534,-82.9754918577687,-83.15941266571645
-158.87010789920254,-226.5924463849077,239.01880797024148,-216.42266773204523,-299.8123117918318,-284.51454924261964,-283.6384840794634,109.44431479816262,33.068157907702584,-140.87632544276107,-254.868741813588,-21.614720073623573,-199.63947831507113,-114.27139656909367,-298.5088965131412,-30.732913906871715,-165.58154332601015,-358.97922280316453,-144.6091850823392,88.62138945763138,-268.07359685661277,121.1897942114116,238.2902926769358,10079.942217094678,-68.07260719841042,229.85861468618134,-368.2826186263138,-156.9519778809128,-290.7870664473099,-344.726123695707,-170.72905165811017,-214.05059738943675,-238.23379999705884,19.4142409166044,-479.8779842616351,-175.8782646851945,-12.952749303463179,-398.4143427203416,175.3738533223078,-303.3001564946603,13.910210242201174,-109.60422306643216,17.10970888375266,-451.7859503926134,-148.8294505533309,-315.2681532031054,15.518330781693521,-448.5010751885927,-124.4186959388345,176.99746177193538,204.71901241711078
-2.8619673936355525,-301.7540755952922,196.66302366381422,-195.30029589517028,-87.22954753981747,-78.12986062317577,48.00900673886929,197.91221403004033,-477.3120268250628,120.22352399269175,93.7532904298655,-157.16394297949012,-201.3209402876434,112.46269706723922,-226.1977333438952,-89.78989166625695,-195.41407593936157,126.10177170789098,-238.6583434355549,-451.9398345277757,100.06441958458561,-44.55954545815234,208.09543133898057,45.5109405064901,10664.2593093087,-93.5060456062227,-260.1323795179758,-265.32502864691685,-325.8004686447616,121.13138712991963,-126.81899534448223,-152.10055408670854,242.84003967069054,-372.6721349414544,-343.39236399735523,-189.59953252000156,-413.0432516192957,-215.52556730055716,-329.1933021053745,-182.33558127837767,242.67602590790023,-62.49843512661687,117.97420551070798,-311.7707496662364,-404.71844563521483,-259.26573740789047,-274.40223433781705,-408.6651470365995,-311.11162293578343,-446.53300360541,-296.2426581192941
-423.7320020915588,-177.40200728193304,-12.408765132565179,-117.83121329431657,-281.0644330729484,249.12579044343204,191.21086306408813,202.14910869196353,207.96594770835475,237.14806236731863,-422.7027238539525,-87.17660732579486,-306.5659609950434,39.0287277216072,-147.19707688665477,-178.24348242504317,42.68846956616039,57.17679212900828,-417.7655266591174,196.97629884190724,-203.0920500678215,19.497975622585273,-333.5435985959899,-142.71854143381694,-443.9044465042187,10261.274209119349,-446.81457042060225,78.11520754407752,29.06803980633424,173.63596143930192,-46.14033547303512,234.53388508409864,159.56092893915934,-254.41663861673496,161.22340431241423,-316.97449247490283,171.85146072027908,227.38909852408085,-157.46450208231994,-229.20825278551314,-9.095691750429921,21.26426208345515,40.589444825779196,-362.84007417431076,-77.52755910373241,164.34206445891516,-434.3329449154328,-271.86137313892175,-484.2550810197489,157.6440695983871,213.23558631272704
129.49707155906458,26.43904377840056,-153.20628637748706,108.04787260303772,31.145328764728106,148.67750953718974,-195.0679260007804,-367.5283166028234,-495.55865977900635,102.70112842948777,-98.83687171592169,44.557298663684605,152.12383058818386,-84.41941484075846,-412.51615672042294,-70.83788295463063,-128.6765895568072,-325.12930391234005,7.197866798804512,-122.76238706997117,81.46753529913053,195.61085813069656,-402.6521552412371,119.8632478968068,-490.45767743524675,111.30486341521157,9782.812907821013,-162.94515932736908,132.1579014188203,138.2097319778195,-498.0721771670643,-63.953844930995956,243.6840098723344,189.56050444299206,-285.01433659077145,-467.25048387330537,213.56876613963664,-386.04680998485026,-277.7474010781801,65.34018487738933,-354.17544380924693,-385.7107756646519,-136.82288142091346,-182.35862654349512,12.211019469851976,8.130921822128471,110.56405594482078,-102.75073381148405,-357.75214802434067,-127.77699929498709,97.47363326203322
123.184078952969,-290.293472065603,41.01599872191787,-21.53178811351455,-203.6941663966457,70.16640134322608,-406.89520090178127,-109.76651579243867,-48.19236100757928,162.53702464160187,-263.97513164136944,-136.46982399340226,-461.4042574999115,-261.3626310625798,-167.7810201289101,-99.26773221403448,0.7306488291590085,167.62754027065228,79.07395906120018,29.269011732387412,-374.5446305922344,147.56149243356037,-200.09501357314474,146.6763979876813,45.306653474556015,228.3858801550083,-270.03787432991635,9061.792412260698,-126.67466249404004,-184.98068984993358,-497.5374342605872,-62.741027877368026,-195.09162363165126,-262.1594240977256,-64.6274692662031,-225.78589854764283,-167.27974313198376,-172.02040152024125,-338.1080071272074,231.95783073517305,-193.81880263970072,131.83395281152343,20.434380133049217,28.60421890590169,-126.34506602154505,-157.02047647659788,224.33797217929782,-417.34975967315626,-354.1180652999957,13.749124096178548,-248.20476202663917
-157.0910387824061,-355.7816027491941,75.63674354079365,189.7567929910374,-294.1541439081509,-129.60179559716278,-321.4583510534609,-280.4241481820319,-381.63897338629295,21.04476272364184,-169.9880087276606,90.72950473037952,-141.23094810556387,182.39428180823654,127.17004820249429,180.3675263305854,27.95582324642453,28.87933717408771,-58.1529997779848,79.21600502918136,-156.98696017549003,-417.0537232112667,-250.92954043072984,-387.8422654977452,-244.3681098432661,-321.8101051302232,34.71191304519027,-10.749323822439806,9915.886578689528,-358.982972935907,-406.3572831194118,167.46747024438162,-304.450901407226,-343.3277955333713,29.412899876551705,249.45335564103038,-488.48584125328784,-448.39375543301725,-80.24922271224483,207.56819198838423,-189.93493532254917,-99.34361607911381,28.011107927363355,-167.6284560167266,19.421840205460285,-354.27982286026906,140.30812491447898,117.7044971380584,-107.26188578340776,-96.07135346383455,-82.67898920865008
58.67137332913205,-397.7247647525637,33.09790520386366,-391.66872147439796,-192.10391576806592,179.55017395131824,149.48290768780078,-364.6778853308515,-13.933850114530287,21.16386344495379,242.97581382797307,-332.7789351487776,-26.084781007258755,-305.36554512769845,-367.03619498264527,88.80384833981145,193.21747630069274,-124.14810050885649,-195.7865304328418,-347.46712968458064,-437.2053935694086,-27.19910802485822,-81.26888349456158,66.90487360985423,224.4177446253292,-322.1742092634354,-111.84271360298186,212.05368958857355,55.11735098521626,9247.792180579605,-243.10730733627514,67.05600364138786,70.42978668573937,-463.8839682887856,-156.0697455554785,-300.82059205588365,-216.9826267430846,90.81907893070513,129.85638703712755,72.65599962811939,-0.046444833415648645,-66.731851040712,74.16937997622858,-32.38231149029684,-298.3099190808773,-431.6013351615019,-157.48297800907199,-461.0312917999889,157.03592513330887,172.4097892196088,154.21004767747752
-162.64540243205715,-355.15918021481093,245.76637380474915,155.428995305871,-168.41015850759982,-250.9350996728763,-361.99927463578103,-217.5777029452908,-144.1736560280131,-408.3402951015366,45.283728206464275,103.2150354915251,-23.494170518397254,-94.41452558797147,-196.3885680383533,-25.824767393738853,-457.6271793110703,-300.46194334276174,-347.9258739175149,-394.91729721523086,-212.46863656281477,-272.4867234798191,-227.12276748247405,235.09033455544647,-393.3546800816986,8.581545502196377,155.82203491966447,145.5271181246237,-455.0220897447212,-428.3755606331255,11056.55874509478,-485.591264898098,-104.75017001674865,-469.89770118650836,-259.0585393561887,-183.59796145108197,-316.28051437137697,108.97206652350815,200.88869929672705,25.268963540608638,34.2060417522714,210.44218519076333,-232.79968603659103,2.3450623995951787,-214.05680063433454,70.25812153922561,-368.1316186765322,-424.1018178958974,151.638187641777,-174.11494443762348,-268.5176764072503
-285.2296982592071,-81.28228264084635,-339.3270485962056,131.46286100663508,-380.7823372533273,229.28794718462348,-460.57329356445166,-104.50673336073646,-401.6296077176413,-281.90441564148625,-283.57722010413295,-472.163284822122,-308.0523125946403,-291.0036368711559,-410.48776907971336,-279.21627793271824,-135.78020386785386,-20.546057316128895,-346.54402379137923,-492.85745675902086,-301.6560551521987,-95.88991072815708,-88.28368267391488,239.39997596600824,94.62241221682643,237.53179240901022,146.10183220991837,-429.48008468803266,-17.006764624634286,-277.9921744784342,-248.72806498118464,12153.947726139913,-288.19527748618236,-293.0455300469561,197.48103248517054,-331.16736921386075,-205.65315869608378,53.19372257932321,-333.2132235329784,-203.71994113450273,114.04504669324194,-66.78789734216866,-433.5538347561792,-310.0768865264333,-92.83278634265804,-417.056806333124,-148.13720906832026,-349.23184252217106,-11.586799911871367,-355.9059451643662,-153.53872641863848
-315.0727540218515,-78.7331627434624,-310.4478453215522,-298.7387380132651,-153.79531803339813,-131.4740262721179,-49.83802936967845,109.99257984439214,197.801809159629,126.75280530337989,125.32735670184866,110.74863696715124,-382.49779615528564,-478.83451259657795,-93.45051339799716,-255.70974708328492,-316.0489179859471,-345.74663282547783,192.72875658078658,47.71348893331958,-38.273326859572364,-433.053961390376,-232.61567778632747,-13.141131965972704,-210.32250525075239,172.60785393304707,-358.592639405163,-260.2793943126277,-429.31407038377296,127.32425998383496,128.9617276308569,-90.58305728100817,10760.889551019241,135.45202322860905,-456.017499363388,-30.058291641421874,-53.93847849492306,-374.3422662990711,-229.45498524698445,-475.01169913962434,-176.9072312219791,47.63099550627885,141.96380272961085,-126.3980755596591,-483.2649934939714,-111.86567955529142,-291.99526180611815,-434.0122709257655,-421.9992581670831,-83.47147142292772,-260.04619622211044
204.54819263832724,101.25807531058763,248.2706987280037,35.115235775958695,54.683523484830744,213.5683161854065,-166.01269660307446,-249.6657256576063,-458.93674880279076,243.04763212945898,46.39013434088645,18.169071435906858,-112.58201286611671,-401.05507351649624,221.1796656696432,-102.49318027737519,-271.29006152272484,-188.39723249177723,-148.51549944483543,-451.8793771214538,-454.26484833627745,-359.9863472398065,-453.87304416877953,63.316840817195725,-224.12748639710395,-130.09073877047558,53.16910332383509,-253.00921667107798,-266.8781398633784,240.32285500352805,3.51760190809631,-308.98372372413576,11.59337753123242,11563.19820565252,164.23962555588582,-438.1174405171269,-180.9619459704952,-133.6172552573321,-328.96898672056994,-454.4167368080656,-471.54857995132966,-319.9653011411002,-392.159275689265,-65.43501046583384,-90.06043677473406,-464.6146214510245,-98.61189549863002,-67.46028762253252,-350.5177236087384,-402.47464315673153,-485.6372970326074
-165.90243869342203,-284.77588079114673,-83.24467431880464,16.75121009920099,211.9429648001742,-102.66553676558124,144.46799689047555,-137.95371991556857,-6.785929913621203,-303.00388693477805,-285.2367810216345,-260.3711261775295,126.69394336196774,221.8854160256643,-444.10986283901116,-187.7248853834202,-366.5164162479198,-441.87522887417686,-51.73925416821726,-428.1971992230075,232.27000252615653,-57.265267170475056,198.81301690841212,-428.8106263342159,67.23147375067958,-365.4503449820892,-457.01430011675217,-410.46735250929964,239.77771573593088,102.61403443776226,44.22708471431747,-223.64610500946304,122.5325665726881,-55.51338357909657,10159.846365283125,-347.60793576305286,-207.6577477452708,79.45356167135856,17.241219723190284,18.204228793207108,-223.61730993861102,-171.52076705770884,-201.24757616348836,-157.54093217398474,-374.184545292052,25.444632092842426,-288.10658701365514,-400.333105993066,-118.92591137146104,-116.27590913635373,-49.27889801414739
-482.0744510610473,244.8792358854937,-453.1452828814213,189.19160650037327,53.88951015972225,-369.76196752971987,71.93111923679078,218.26741320791825,37.902009969570145,102.95211941937589,-451.69487015479064,-205.58288790621958,-254.21923696458936,183.95129584445567,-336.4977426448712,79.20772139920166,-409.69600495378177,-406.8848811636847,-474.2803219775217,69.69794482764485,-150.8676440486662,-127.67153145814763,224.48421712733557,-19.869805751914043,-62.49503644088139,110.614203830635,-447.05635039525464,-19.314424420445164,-456.2472697324835,234.63354594564714,216.3172312092729,-105.97656276619102,-404.30578455290265,-308.09370685542854,-42.72520556891169,11236.678483893573,246.5536281371185,-147.3819369853448,-82.54212912370315,-400.8472552654965,-177.1643327715999,-231.34335610580973,195.64333072178385,12.622859198506262,137.77737845238437,-63.85483705233764,-399.9560708497693,-477.35147934753115,48.100088258024016,-123.1417319323507,-342.7903512629449
-51.13461395030049,20.80504424975254,-27.27765654829409,-459.12325655662676,-126.43141482877053,-263.5199198201036,-70.02332823920557,-253.05196923573152,128.44361656365209,-227.59431623501035,-278.6614631870568,-166.81157687674653,-205.23010870103536,89.79798458447988,-426.5187059509284,-278.8356530114392,-269.0631939695469,232.66181494945374,-173.45631313643645,-243.45960571694837,81.77034503328787,-123.40747895918611,-225.13865238727806,35.356658528789694,188.91179449165395,-439.42794286116737,-423.7314524067076,137.52860962424802,114.78766462530416,-456.11795990240785,69.25223995430235,-107.24337881671141,-190.37247847051185,-477.08786335029185,-251.9001177301394,-387.5031664293956,11210.433369013843,-432.71424232980627,-122.91463356587019,220.5488325036181,39.56262153516286,-479.6133891628446,-461.341434714062,-26.551048164243582,-153.4447254947263,110.75789165898163,200.66943428925595,-435.718592503558,-387.29930643067235,-21.36889990490522,-460.04412403078754
188.83083108678306,-131.95198448062587,133.65750586949582,-491.3415109333193,77.61002757189021,175.08436828187882,248.3449397073847,127.19251632263945,-20.32212257861545,-384.2294998033944,-135.79504372613184,-371.8756758253253,-300.11500917107935,212.67791071398892,-270.5787229259139,-470.0181110592576,-19.27559969313853,-415.9158792685416,25.78229718503269,-359.77216196411916,29.143503802794726,107.72634007198087,-218.96380128320766,-273.5216910406328,-497.2065783364133,24.384132448681953,-417.5939563540259,108.78996059454698,213.98059664040932,199.40584355331873,-178.73449598197448,1.8535592144526731,181.7125724016562,-291.94857259552674,-382.35958677386725,-145.49894296308497,-324.6991843123259,10350.764902700921,237.77116010019017,144.40244808219848,-215.6281139216419,-2.4274219303221116,-384.2841091763288,-336.04647045899753,-18.126773180939665,-251.27726005052472,-337.9434612042192,6.4087672976743875,-43.53016559658312,-138.95442336698284,-219.51271213019822
94.9487228948135,-23.16965130429554,-420.26429093439526,-244.96586851286833,-349.65210047288076,-464.0113711835081,-444.9384505091945,-498.5715782501636,24.891172918933876,-127.07098632117453,117.66479689763833,-334.56353362066443,-165.71604026127767,-2.073746696702301,163.57780532770096,31.09571789381721,-310.2865618621621,51.34063858972661,30.618141594322992,-328.6385962225454,65.7110291644052,-478.4354311217372,-427.84857818828925,103.6818101234843,197.34122366502606,-103.83691964219912,-366.0909383492629,-296.9076541809503,-114.95901246723139,-52.59633127254517,195.80216908561943,211.19023230218852,-134.46363164712415,-453.2525795657872,170.82340190750256,-206.49287649162926,-420.75915313877914,58.61645154278074,10484.208810767046,-80.5918250940702,-459.3334369260197,152.93772779576238,97.60896086184687,-477.4551763109615,-141.27219431340268,210.11468510835869,-190.14012801255205,182.829357524643,135.5319692279918,12.022599442575938,-318.7806208133455
71.45157612023218,192.90280041703818,122.47811533649428,-275.4823951437622,246.39615940777014,-79.2366976484218,16.692607671348355,17.060492496739585,-408.487279478985,-163.3808631628923,-207.25506880151937,-431.90449721900734,-301.82870990279747,-431.2234902936981,226.15064957903246,-215.22869489751287,-367.3751441321405,126.89768600461946,-404.77211076004824,159.0701058073007,-397.3257146447778,-185.6126402497104,-470.85529816258156,213.45998791810666,-315.4579182670583,147.4170887732622,-31.077080333152026,-82.65276200176345,48.951635204968625,-259.03004104477185,-380.3403522890062,-40.005021806622494,-145.3411249425036,-149.93427690926814,-6.578923610280583,-359.06303224595575,-262.8364671525122,-476.87344754449316,-235.05885204675747,10713.4148585358,-250.04810338102584,-353.4892422748855,148.4273267420915,-66.5834353350109,-23.964688288452237,-347.21911877601053,-100.34392599307819,-177.2753706379791,-178.7258855329069,197.91680586019345,-173.87162088632533
139.61854997368073,-187.3610459657213,-174.06290607970487,-213.7000769983789,142.4041676118636,-48.24713913119393,81.8879547837538,-235.77042836271528,-176.53585005359355,-203.52073241474136,-6.2228236762451274,-368.0279106427016,6.940739348249849,-170.07695576210813,-496.60785992607236,-86.40399379815238,-252.4314119633908,-444.85821179412295,95.1613550793295,62.29130283274219,-369.05095781638363,109.13519310035178,83.51299584953756,-50.27357516078746,-73.61782340646323,136.76364294175892,-359.9421443867185,-391.7988299103575,118.51166876319189,31.896505491535663,208.69305035207992,-52.654009828124856,-443.9348277960766,235.85582097147426,194.670655136071,56.35468633690198,117.65186693050919,219.89665644444153,217.16529429072057,-38.01786836907968,9595.370320388216,-201.35573698681645,60.201840649495125,-67.2492373477823,42.96902114850843,-461.3032358631512,-447.47678817316074,-282.73111152680144,-110.80973375300044,-386.4754740360709,-486.93365650890854
-134.24904358309084,-499.10562156098905,-180.56589460990529,-250.00820003412701,244.5133173238355,202.12256925386237,-324.9230326987057,164.95875195304836,163.88442401949794,-84.20656388455961,-65.77451081102413,156.71239715931915,-106.84460093100847,-5.835718463664534,-107.88167977599778,-88.7628268508762,-43.39193310278472,-172.25038711311834,116.82245712559677,-444.25024879387763,-449.9521011497926,225.92595764414068,110.3300097732789,-390.0848646755294,-319.56908679283674,-278.4967032181574,-321.822941538898,-390.1555013082744,71.03327880803613,121.6963903815307,-397.0097757380851,-144.38109475329492,-292.07980069395546,-419.4736475814499,-149.07854115598138,186.49292871576108,-41.958444160029785,149.3057461781117,-161.9396134021111,-11.660237499216748,-151.22932846304468,10022.215565852293,-180.92467936693913,-327.4358084655695,74.93665249869275,56.38654555750611,-187.76882447833594,-203.55379023213754,-265.7179454832625,-245.49895780927284,115.14394265630938
103.34797778747793,-59.060985518871405,176.77964769780647,-63.54614978932909,206.3197294263531,103.21174839831474,-45.67634623400937,-451.2896922209962,150.40277647602454,91.4417400371168,-202.25688937988423,-103.76544065814284,214.40836670474266,-206.71379027933585,105.92928723827788,-283.0124481846962,-204.74465520851408,-414.19349369192247,-358.27009031958926,242.53491459317001,227.32642081934864,-377.79441054436654,-378.75639543535516,93.48571107542125,114.35778854925832,174.71144985367926,-133.17468990633142,-462.9615131747877,215.69257222956878,-40.29131760516441,-420.08948893072557,-36.382156614013866,-283.9165450577424,-281.23898578311383,23.175473758581575,237.99824679204005,-406.82042133770904,58.07109045821255,108.76559808739216,-447.34440015571226,-275.51856661691033,-476.18047449987614,10596.64404785284,-230.39405164499158,101.97273622651164,-382.73051801424054,28.26742721212463,-75.53681986152634,-442.37470174067386,-263.586981858757,-351.2829505082167
-192.57775699222026,130.1833910517522,-134.42980740555055,-167.99626136136948,-168.35097514807268,91.05536824711828,-155.99244498542515,-348.0725757067994,-243.3563408267762,-131.28971993400478,241.82957245110674,-294.1048327495648,-233.7110565897883,68.86231801074871,-243.24870702788792,-322.93471346903357,-309.0509203857656,-336.9767070831492,-104.10118148118067,164.19468123832564,47.56844866619781,-309.7875086539154,-396.41667611076275,-23.585728398010758,-142.9790470578955,33.375773649404664,-145.10015946614857,-146.21409282986184,-128.45148617338134,-259.10139065816225,209.97104256261184,-83.79040349205701,-494.0991167034595,-308.47198323554494,-79.43851514922596,-486.35023279870995,116.34842276611596,125.93081424689365,-306.35927779118566,-454.92502844061835,-257.55378935249394,228.5881987946243,-486.47046114824036,10417.272138679506,135.43358968894336,51.497496074797596,-145.6453765223406,-88.5437154716821,-163.05554627249813,-73.68644459703421,90.58122521762425
-155.590068931892,-267.35918111272883,-84.11914555850649,166.5297588878318,209.40105701959249,-32.29100309716313,217.09252871399963,-267.01929097745307,-462.70382038547365,-174.58959337704283,-148.15123932692188,-457.991864939941,0.5289536151436209,82.56577999912736,-3.2020463164679427,-438.6197211809967,26.213959292807544,-266.59707259436925,139.72552411339677,-363.29662856783455,-269.0134257296472,-28.610796517303072,-365.4491115935,-134.68117389694402,78.86000574561092,-348.46867555356897,-414.7461072169479,-470.9643812159507,-145.33587008031787,-484.3050372699378,-100.04321795825086,-88.01459319391444,-261.4343061361259,-291.3602283005352,-224.7761754024421,-390.36116253329817,-54.596331049285254,-159.17563570552738,-225.6365142694243,-336.9192764078433,167.23636688984175,-6.9806783680489275,-465.9842475958541,146.9533256070281,11492.27734698005,-429.26309369132514,84.83981288496989,-387.6468890970358,-135.7116844502301,-433.4827309115634,-251.62532214355312
-335.5506748063695,-336.1281346158447,-363.42160194986394,-138.44312548377258,-309.0689039804697,-26.28378225985648,235.21993546176657,211.70932063132636,-292.7696193245064,130.7885629182216,-398.91846342163996,7.397631265814255,-244.91683319605775,18.56220230418728,52.854392966152886,-57.51173479227418,-200.087155563782,-97.02074139668895,-349.3898384267951,-163.78136805841172,-470.9877916161772,-45.64465362298529,182.48049940349551,229.6510983304189,-438.95981688394437,-392.17489934711034,-100.21355126343963,-24.294686358086153,-300.86701188186015,-215.3336474238974,81.05119308772828,200.94573036492875,-92.07006534031467,181.3527936688181,-382.1451379563208,-149.21981058669883,-315.46611036918534,-121.94406234082192,-99.8360220907611,36.08547056055363,-71.8973260872628,-72.51071395000423,-82.27557347368759,33.36440217074721,-453.4538408578234,9980.55440124076,-187.00497152361436,-492.79452881058927,-427.0432581281416,13.36312523115214,185.37869287136198
-254.98978250634653,51.512973609857,93.05246500889996,45.044779878892086,104.32737474749797,-336.110377776784,-46.66856738956875,-68.72314760875298,76.60301182807552,160.2791234959517,-299.7247751478991,-226.25947006720645,-406.15226577010685,-386.73007111626924,-53.40239779023517,-59.10093994451296,-60.49670879061517,-149.84427263104476,-55.04833940579499,-208.18574810885792,-172.43551255931635,99.07273845820816,-239.668833171311,195.0700355617497,-71.09444408708902,57.34664046256603,-110.69149827466902,-107.92551709848806,-477.94969419673464,9.747232900644235,94.21067212316223,-105.89390633041711,-51.646001336944664,-24.17869932282599,6.7261926664802445,-207.90124715691337,-362.3262254234063,215.2466067441528,-146.24957529723622,-426.1637769079151,177.34570122971854,-353.1012513945976,7.542821253161719,-386.87289622844565,8.326258606433385,-173.89372701547268,8220.930536187932,-347.09014589236256,-118.50242949722605,-35.846898631602755,119.58672345590549
-454.4020153199593,-346.13466996703005,-448.7244769997653,-254.65700955348518,123.51825148778426,-150.90190811610535,-57.05875790413273,-295.62447953853075,-365.0666097745068,-79.32366530315159,-404.2285367292304,104.46684909733176,-171.91848200926103,-356.08722865368804,-280.85469654245185,96.47964147166863,-194.23227861078135,-45.05842761175654,22.26285170667552,180.0814470008686,-262.9668245042418,-102.28328690379317,-431.9050805916275,-189.77239399137932,111.19473078944054,-178.918869297794,-160.09273424569858,-464.90085309512693,87.23196666786362,-450.60416132454054,-398.7722882535753,230.87079982615228,10.106511910610095,-299.5892077514965,-74.03046479572947,16.540868587836144,-471.426435499293,-100.0084393709003,11.083189551500709,-280.9653849247899,-273.3533003354235,147.39113084661437,-61.2135540605189,229.17327326996462,-172.1370612254774,-56.92215178170028,-351.9154974953228,10295.684380851784,-60.73940173218875,-147.25334722185863,131.8861110063673
225.55833510942705,-126.61647968347461,-416.0435305292896,-312.4464250951621,-295.38499107540656,241.32766290061943,-493.4710255031446,-329.624676621826,-368.7105801225207,-180.6176412765288,242.87460697132656,-140.31408010523683,164.5222976521925,-215.93980907042402,-134.64475139344154,-16.931867601599038,-225.88480726928015,-292.70203859803314,164.47448569703909,149.2252111022027,232.1699988429183,149.17992619014456,-394.15672672567763,105.53085493617732,-76.0995415011655,99.87389406368357,43.06392669228387,-263.86513715535136,-32.25462476538689,-200.35186398829893,41.974537568869664,-163.63771231742572,-310.36113258481066,-110.5817550484822,-463.084461994789,-44.287401089885236,-346.9000917710991,169.47495065159296,-386.09569792772515,-414.68556104392263,-350.40519274270997,-477.2973667980052,-466.285178520022,-143.66471223571705,-328.6098983744652,38.85642443426525,-262.99464756834743,63.18123084803301,11098.04569816078,-81.26020407223035,-165.93927905277815
-126.46951305446089,-356.13812296596245,-325.9483877874982,229.0626148638089,7.722464121871155,-118.26986652984135,-220.48224314892497,-324.03991949228373,-381.917222470704,-476.2784427346503,-118.1651582080346,-294.07289362667495,198.06269001040323,46.229423166383754,-317.2505411027447,-488.3043093101284,-408.6387229833308,-65.05782761143007,3.2405618743445075,-358.0211564022577,15.537700022345462,-269.0453675290035,-244.25797838208268,-80.65464920040779,-314.4610106620686,-69.89790520847583,-494.6139050507305,-496.48548372890224,7.216526374860848,25.498566100047242,-279.744209469627,-240.98391700354802,-311.2809455027749,-426.6151018818281,-401.2651096794103,-195.81186242846815,-284.21378712259366,21.21303605019739,181.72678098952133,60.2048519884911,225.61759060375732,92.55586836919281,-115.63904347578796,-362.0662647853677,-111.25697284448347,-91.4382005235775,91.77354582294413,96.72451221997107,-328.8725452858182,11234.357550324536,158.72991084412013
